{
	"weight": 90,
	"quality": 4.5,
	"rules": [{
			"type": "stat",
			"chance": 1.0
		},
		{
			"type": "stat",
			"chance": 1.0
		},
		{
			"type": "stat",
			"chance": 1.0
		},
		{
			"type": "stat",
			"chance": 0.5,
			"backup": {
				"type": "ability",
				"chance": 0.33
			}
		},
		{
			"type": "ability",
			"chance": 1.0
		},
		{
			"type": "ability",
			"chance": 0.65
		},
		{
			"type": "socket",
			"chance": 1
		},
		{
			"type": "socket",
			"chance": 0.85
		},
		{
			"type": "socket",
			"chance": 0.65
		},
		{
			"type": "durability",
			"chance": 0.3
		}
	]
}