{
	"type": "apotheosis:mob_effect",
	"mob_effect": "apotheosis:knowledge",
	"target": "ATTACK_SELF",
	"values": {
		"epic": {
			"duration": {
				"min": 80,
				"steps": 4,
				"step": 20
			},
			"amplifier": 0,
			"cooldown": 400
		},
		"mythic": {
			"duration": {
				"min": 100,
				"steps": 4,
				"step": 20
			},
			"amplifier": {
				"min": 0,
				"steps": 8,
				"step": 0.26
			},
			"cooldown": 400
		},
		"ancient": {
			"duration": {
				"min": 100,
				"steps": 6,
				"step": 20
			},
			"amplifier": 3,
			"cooldown": 400
		}
	},
	"types": [
		"sword",
		"trident"
	]
}