{
	"conditions": [{
		"type": "apotheosis:module",
		"module": "adventure"
	}],
	"display": {
		"icon": {
			"item": "minecraft:iron_sword"
		},
		"title": {
			"translate": "advancements.apotheosis.affix"
		},
		"description": {
			"translate": "advancements.apotheosis.affix.desc"
		},
		"frame": "task",
		"hidden": false,
		"background": "apotheosis:textures/advancements/bg/apoth.png"
	},
	"criteria": {
		"sword": {
			"trigger": "minecraft:inventory_changed",
			"conditions": {
				"apoth": {
					"type": "affix"
				}
			}
		}
	},
	"requirements": [
		[
			"sword"
		]
	]
}