{
	"type": "apotheosis:attribute",
	"attribute": "forge:attack_range",
	"operation": "ADDITION",
	"values": {
		"common": {
			"min": 0.5,
			"steps": 3,
			"step": 0.25
		},
		"uncommon": {
			"min": 0.5,
			"steps": 3,
			"step": 0.25
		},
		"rare": {
			"min": 0.75,
			"steps": 3,
			"step": 0.25
		},
		"epic": {
			"min": 1,
			"steps": 3,
			"step": 0.25
		},
		"mythic": {
			"min": 1.25,
			"steps": 3,
			"step": 0.25
		},
		"ancient": {
			"min": 1.5,
			"steps": 3,
			"step": 0.25
		}
	},
	"types": [
		"sword",
		"trident"
	]
}